id,url,header,address,area,rooms,bathrooms,garages,amenities,price,condo,crawler,crawled_at
2642993968,https://www.vivareal.com.br/imovel/apartamento-2-quartos-brooklin-zona-sul-sao-paulo-com-garagem-73m2-venda-RS500000-id-2642993968/,"Apartamento com 2 Quartos à Venda, 73m²","Avenida Portugal, 231 - Brooklin, São Paulo - SP",73,2 Quartos,2 Banheiros,2 Vagas,Mobiliado,R$ 500.000,R$ 560,Brooklin,2023-07-09 18:44
https://www.vivareal.com.br/imoveis-lancamento/1-just-brooklin-studio-e-1-dormitorio-2609447908,https://www.vivareal.com.br/imoveis-lancamento/1-just-brooklin-studio-e-1-dormitorio-2609447908/,1º - Just Brooklin – Studio e 1 dormitório,"Rua Joaquim Nabuco, 112 - Brooklin, São Paulo - SP",26-38,-- Quartos,1 Banheiro,-- Vaga,,R$ 412.180,,Brooklin,2023-07-09 18:44
2642951463,https://www.vivareal.com.br/imovel/apartamento-2-quartos-brooklin-zona-sul-sao-paulo-com-garagem-76m2-venda-RS1000000-id-2642951463/,"Apartamento com 2 Quartos à Venda, 76m²","Rua Andréa Paulinetti, 242 - Brooklin, São Paulo - SP",76,2 Quartos,3 Banheiros,1 Vaga,"Piscina
Churrasqueira
Elevador
Condomínio fechado
Varanda
...",R$ 1.000.000,R$ 760,Brooklin,2023-07-09 18:44
2642959080,https://www.vivareal.com.br/imovel/apartamento-2-quartos-brooklin-zona-sul-sao-paulo-69m2-venda-RS873252-id-2642959080/,"Apartamento com 2 Quartos à Venda, 69m²","Rua Andréa Paulinetti, 251 - Brooklin, São Paulo - SP",69,2 Quartos,2 Banheiros,-- Vaga,"Churrasqueira
Condomínio fechado
Academia
Espaço gourmet
Playground
...",R$ 873.252,,Brooklin,2023-07-09 18:44
2634482949,https://www.vivareal.com.br/imovel/apartamento-2-quartos-brooklin-zona-sul-sao-paulo-com-garagem-70m2-venda-RS885900-id-2634482949/,"Apartamento com 2 Quartos à Venda, 70m²","Rua Getúlio Soares da Rocha, 178 - Brooklin, São Paulo - SP",70,2 Quartos,3 Banheiros,1 Vaga,"Piscina
Churrasqueira
Elevador
Condomínio fechado
Academia
...",R$ 885.900,R$ 288,Brooklin,2023-07-09 18:44
2474376799,https://www.vivareal.com.br/imovel/apartamento-1-quartos-brooklin-zona-sul-sao-paulo-com-garagem-50m2-venda-RS736900-id-2474376799/,"Apartamento com Quarto à Venda, 50m²","Avenida Santo Amaro, 4800 - Brooklin, São Paulo - SP",50,1 Quarto,2 Banheiros,1 Vaga,"Piscina
Churrasqueira
Elevador
Condomínio fechado
Varanda
...",R$ 736.900,R$ 350,Brooklin,2023-07-09 18:44
2642695382,https://www.vivareal.com.br/imovel/apartamento-2-quartos-brooklin-zona-sul-sao-paulo-com-garagem-69m2-venda-RS880000-id-2642695382/,"Apartamento com 2 Quartos à Venda, 69m²","Rua Getúlio Soares da Rocha, 174 - Brooklin, São Paulo - SP",69,2 Quartos,2 Banheiros,1 Vaga,"Piscina
Churrasqueira
Elevador
Condomínio fechado
Varanda
...",R$ 880.000,R$ 800,Brooklin,2023-07-09 18:44
2642930882,https://www.vivareal.com.br/imovel/apartamento-2-quartos-brooklin-zona-sul-sao-paulo-com-garagem-76m2-venda-RS1000000-id-2642930882/,"Apartamento com 2 Quartos à Venda, 76m²","Rua Andréa Paulinetti, 242 - Brooklin, São Paulo - SP",76,2 Quartos,3 Banheiros,1 Vaga,"Piscina
Churrasqueira
Elevador
Condomínio fechado
Academia
...",R$ 1.000.000,R$ 740,Brooklin,2023-07-09 18:44
https://www.vivareal.com.br/imoveis-lancamento/atelie-365-2636669766,https://www.vivareal.com.br/imoveis-lancamento/atelie-365-2636669766/,Atelie 365,"Rua Nova York, 365 - Brooklin, São Paulo - SP",151-194,3-4 Quartos,4-5 Banheiros,3 Vagas,,R$ 2.700.000,,Brooklin,2023-07-09 18:44
2642738791,https://www.vivareal.com.br/imovel/apartamento-4-quartos-brooklin-zona-sul-sao-paulo-com-garagem-232m2-venda-RS3240100-id-2642738791/,"Apartamento com 4 Quartos à Venda, 232m²","Rua Barão do Triunfo, 1553 - Brooklin, São Paulo - SP",232,4 Quartos,6 Banheiros,3 Vagas,"Piscina
Churrasqueira
Elevador
Condomínio fechado
Academia
...",R$ 3.240.100,R$ 1,Brooklin,2023-07-09 18:44
2642693358,https://www.vivareal.com.br/imovel/apartamento-1-quartos-brooklin-zona-sul-sao-paulo-com-garagem-38m2-venda-RS680000-id-2642693358/,"Apartamento com Quarto à Venda, 38m²","Rua Flórida - Brooklin, São Paulo - SP",38,1 Quarto,1 Banheiro,1 Vaga,"Piscina
Churrasqueira
Elevador
Academia
Aceita animais
...",R$ 680.000,R$ 500,Brooklin,2023-07-09 18:44
2642955107,https://www.vivareal.com.br/imovel/apartamento-2-quartos-brooklin-zona-sul-sao-paulo-com-garagem-76m2-venda-RS1000000-id-2642955107/,"Apartamento com 2 Quartos à Venda, 76m²","Rua Andréa Paulinetti, 242 - Brooklin, São Paulo - SP",76,2 Quartos,3 Banheiros,1 Vaga,"Piscina
Churrasqueira
Elevador
Condomínio fechado
Varanda
...",R$ 1.000.000,R$ 760,Brooklin,2023-07-09 18:44
2642741476,https://www.vivareal.com.br/imovel/apartamento-4-quartos-brooklin-zona-sul-sao-paulo-com-garagem-232m2-venda-RS3240000-id-2642741476/,"Apartamento com 4 Quartos à Venda, 232m²","Rua Barão do Triunfo, 1553 - Brooklin, São Paulo - SP",232,4 Quartos,6 Banheiros,3 Vagas,"Piscina
Churrasqueira
Elevador
Condomínio fechado
Academia
...",R$ 3.240.000,R$ 1,Brooklin,2023-07-09 18:44
2643149104,https://www.vivareal.com.br/imovel/apartamento-2-quartos-brooklin-zona-sul-sao-paulo-com-garagem-70m2-venda-RS985000-id-2643149104/,"Apartamento com 2 Quartos à Venda, 70m²","Avenida Nova Independência, 100 - Brooklin, São Paulo - SP",70,2 Quartos,2 Banheiros,1 Vaga,"Piscina
Churrasqueira
Elevador
Condomínio fechado
Varanda
...",R$ 985.000,,Brooklin,2023-07-09 18:44
2540201876,https://www.vivareal.com.br/imovel/apartamento-2-quartos-brooklin-zona-sul-sao-paulo-com-garagem-128m2-venda-RS2785000-id-2540201876/,"Apartamento com 2 Quartos à Venda, 128m²","Rua Michigan, 470 - Brooklin, São Paulo - SP",128,2 Quartos,4 Banheiros,2 Vagas,"Piscina
Mobiliado
Churrasqueira
Elevador
Condomínio fechado
...",R$ 2.785.000,R$ 1.706,Brooklin,2023-07-09 18:44
https://www.vivareal.com.br/imoveis-lancamento/jardins-de-france-jardins-de-villandry-2633170506,https://www.vivareal.com.br/imoveis-lancamento/jardins-de-france-jardins-de-villandry-2633170506/,Jardins de France - Jardins de Villandry,"Rua Princesa Isabel, 89 - Brooklin, São Paulo - SP",167,3 Quartos,5 Banheiros,3 Vagas,,R$ 2.150.000,,Brooklin,2023-07-09 18:44
2642738790,https://www.vivareal.com.br/imovel/apartamento-4-quartos-brooklin-zona-sul-sao-paulo-com-garagem-232m2-venda-RS3240250-id-2642738790/,"Apartamento com 4 Quartos à Venda, 232m²","Rua Barão do Triunfo, 1553 - Brooklin, São Paulo - SP",232,4 Quartos,6 Banheiros,3 Vagas,"Piscina
Churrasqueira
Elevador
Condomínio fechado
Academia
...",R$ 3.240.250,R$ 1,Brooklin,2023-07-09 18:44
2642277566,https://www.vivareal.com.br/imovel/apartamento-1-quartos-brooklin-zona-sul-sao-paulo-com-garagem-47m2-venda-RS713303-id-2642277566/,"Apartamento com Quarto à Venda, 47m²","Rua do Estilo Barroco, 695 - Brooklin, São Paulo - SP",47,1 Quarto,2 Banheiros,1 Vaga,"Piscina
Churrasqueira
Elevador
Condomínio fechado
Academia
...",R$ 713.303,R$ 517,Brooklin,2023-07-09 18:44
2642175968,https://www.vivareal.com.br/imovel/apartamento-2-quartos-brooklin-zona-sul-sao-paulo-com-garagem-77m2-venda-RS1200000-id-2642175968/,"Apartamento com 2 Quartos à Venda, 77m²","Rua Andréa Paulinetti, 234 - Brooklin, São Paulo - SP",77,2 Quartos,3 Banheiros,1 Vaga,"Piscina
Churrasqueira
Elevador
Condomínio fechado
Academia
...",R$ 1.200.000,R$ 780,Brooklin,2023-07-09 18:44
2643157559,https://www.vivareal.com.br/imovel/apartamento-2-quartos-brooklin-zona-sul-sao-paulo-com-garagem-92m2-venda-RS1490000-id-2643157559/,"Apartamento com 2 Quartos à Venda, 92m²","Rua Pássaros e Flores - Brooklin, São Paulo - SP",92,2 Quartos,3 Banheiros,2 Vagas,"Churrasqueira
Garagem
Piscina
Quadra poliesportiva
Sauna",R$ 1.490.000,R$ 965,Brooklin,2023-07-09 18:44
2642841619,https://www.vivareal.com.br/imovel/apartamento-1-quartos-brooklin-zona-sul-sao-paulo-26m2-venda-RS390000-id-2642841619/,"Apartamento com Quarto à Venda, 26m²","Rua Álvaro Rodrigues, 8295 - Brooklin, São Paulo - SP",26,1 Quarto,1 Banheiro,-- Vaga,"Piscina
Mobiliado
Churrasqueira
Elevador
Ar-condicionado
...",R$ 390.000,R$ 486,Brooklin,2023-07-09 18:44
2642954698,https://www.vivareal.com.br/imovel/apartamento-2-quartos-brooklin-zona-sul-sao-paulo-com-garagem-78m2-venda-RS735000-id-2642954698/,"Apartamento com 2 Quartos à Venda, 78m²","Rua Guararapes, 300 - Brooklin, São Paulo - SP",78,2 Quartos,2 Banheiros,1 Vaga,"Mobiliado
Elevador
Condomínio fechado
Academia
Aceita animais
...",R$ 735.000,R$ 940,Brooklin,2023-07-09 18:44
2642318982,https://www.vivareal.com.br/imovel/apartamento-1-quartos-brooklin-zona-sul-sao-paulo-23m2-venda-RS305000-id-2642318982/,"Apartamento com Quarto à Venda, 23m²","Rua Stela Marina, 200 - Brooklin, São Paulo - SP",23,1 Quarto,1 Banheiro,-- Vaga,"Piscina
Elevador
Condomínio fechado
Academia
Aceita animais
...",R$ 305.000,R$ 410,Brooklin,2023-07-09 18:44
2643170571,https://www.vivareal.com.br/imovel/apartamento-2-quartos-brooklin-zona-sul-sao-paulo-com-garagem-65m2-venda-RS875000-id-2643170571/,"Apartamento com 2 Quartos à Venda, 65m²","Rua das Margaridas, 135 - Brooklin, São Paulo - SP",65,2 Quartos,2 Banheiros,1 Vaga,"Piscina
Churrasqueira
Elevador
Condomínio fechado
Varanda
...",R$ 875.000,R$ 620,Brooklin,2023-07-09 18:44
2642955618,https://www.vivareal.com.br/imovel/apartamento-2-quartos-brooklin-zona-sul-sao-paulo-com-garagem-102m2-venda-RS1600000-id-2642955618/,"Apartamento com 2 Quartos à Venda, 102m²","Rua Francisco Dias Velho, 66 - Brooklin, São Paulo - SP",102,2 Quartos,3 Banheiros,2 Vagas,"Piscina
Churrasqueira
Elevador
Condomínio fechado
Academia
...",R$ 1.600.000,R$ 1.300,Brooklin,2023-07-09 18:44
2641957874,https://www.vivareal.com.br/imovel/apartamento-2-quartos-brooklin-zona-sul-sao-paulo-com-garagem-63m2-venda-RS1450000-id-2641957874/,"Apartamento com 2 Quartos à Venda, 63m²","Rua Nova York - Brooklin, São Paulo - SP",63,2 Quartos,2 Banheiros,2 Vagas,,R$ 1.450.000,R$ 725,Brooklin,2023-07-09 18:44
2642360071,https://www.vivareal.com.br/imovel/apartamento-3-quartos-brooklin-zona-sul-sao-paulo-com-garagem-116m2-venda-RS1950000-id-2642360071/,"Apartamento com 3 Quartos à Venda, 116m²","Rua Arandu, 660 - Brooklin, São Paulo - SP",116,3 Quartos,3 Banheiros,2 Vagas,"Piscina
Elevador
Condomínio fechado
Varanda
Academia
...",R$ 1.950.000,R$ 1.570,Brooklin,2023-07-09 18:44
2642945737,https://www.vivareal.com.br/imovel/apartamento-2-quartos-brooklin-zona-sul-sao-paulo-com-garagem-62m2-venda-RS749109-id-2642945737/,"Apartamento com 2 Quartos à Venda, 62m²","Rua Joaquim Nabuco, 112 - Brooklin, São Paulo - SP",62,2 Quartos,2 Banheiros,2 Vagas,"Piscina
Churrasqueira
Elevador
Condomínio fechado
Academia
...",R$ 749.109,R$ 620,Brooklin,2023-07-09 18:44
2642813057,https://www.vivareal.com.br/imovel/apartamento-3-quartos-brooklin-zona-sul-sao-paulo-com-garagem-104m2-venda-RS1808170-id-2642813057/,"Apartamento com 3 Quartos à Venda, 104m²","Avenida Roque Petroni Júnior - Brooklin, São Paulo - SP",104,3 Quartos,3 Banheiros,2 Vagas,"Garagem
Perto de transporte público",R$ 1.808.170,R$ 1.200,Brooklin,2023-07-09 18:44
2642858263,https://www.vivareal.com.br/imovel/apartamento-3-quartos-brooklin-zona-sul-sao-paulo-com-garagem-105m2-venda-RS1059180-id-2642858263/,"Apartamento com 3 Quartos à Venda, 105m²","Rua Indiana, 100 - Brooklin, São Paulo - SP",105,3 Quartos,3 Banheiros,1 Vaga,"Piscina
Quadra poliesportiva
Elevador
Aceita animais",R$ 1.059.180,R$ 1.200,Brooklin,2023-07-09 18:44
2635922177,https://www.vivareal.com.br/imovel/apartamento-2-quartos-brooklin-zona-sul-sao-paulo-com-garagem-86m2-venda-RS1384000-id-2635922177/,"Apartamento com 2 Quartos à Venda, 86m²","Rua Professor José Leite e Oiticica - Brooklin, São Paulo - SP",86,2 Quartos,3 Banheiros,2 Vagas,"Ar-condicionado
Churrasqueira
Espaço verde / Parque
Área de serviço",R$ 1.384.000,R$ 1.400,Brooklin,2023-07-09 18:44
2642774959,https://www.vivareal.com.br/imovel/apartamento-3-quartos-brooklin-zona-sul-sao-paulo-com-garagem-127m2-venda-RS1800000-id-2642774959/,"Apartamento com 3 Quartos à Venda, 127m²","Rua Bacaetava - Brooklin, São Paulo - SP",127,3 Quartos,5 Banheiros,4 Vagas,"Piscina
Churrasqueira
Elevador
Condomínio fechado
Varanda
...",R$ 1.800.000,R$ 1.700,Brooklin,2023-07-09 18:44
2642967521,https://www.vivareal.com.br/imovel/apartamento-3-quartos-brooklin-zona-sul-sao-paulo-com-garagem-82m2-venda-RS905000-id-2642967521/,"Apartamento com 3 Quartos à Venda, 82m²","Rua Barão do Triunfo - Brooklin, São Paulo - SP",82,3 Quartos,2 Banheiros,2 Vagas,,R$ 905.000,R$ 1.200,Brooklin,2023-07-09 18:44
2641408431,https://www.vivareal.com.br/imovel/apartamento-4-quartos-brooklin-zona-sul-sao-paulo-com-garagem-122m2-venda-RS1900000-id-2641408431/,"Apartamento com 4 Quartos à Venda, 122m²","Avenida Nova Independência, 110 - Brooklin, São Paulo - SP",122,4 Quartos,4 Banheiros,2 Vagas,"Piscina
Churrasqueira
Elevador
Academia
Aceita animais
...",R$ 1.900.000,R$ 1.250,Brooklin,2023-07-09 18:44
2642697967,https://www.vivareal.com.br/imovel/apartamento-3-quartos-brooklin-zona-sul-sao-paulo-com-garagem-134m2-venda-RS2500000-id-2642697967/,"Apartamento com 3 Quartos à Venda, 134m²","Rua Arizona, 460 - Brooklin, São Paulo - SP",134,3 Quartos,5 Banheiros,2 Vagas,"Churrasqueira
Mobiliado
Piscina
Quadra poliesportiva
Área de serviço",R$ 2.500.000,,Brooklin,2023-07-09 18:44
2494715313,https://www.vivareal.com.br/imovel/apartamento-3-quartos-brooklin-zona-sul-sao-paulo-com-garagem-125m2-venda-RS1780000-id-2494715313/,"Apartamento com 3 Quartos à Venda, 125m²","Rua Getúlio Soares da Rocha - Brooklin, São Paulo - SP",125,3 Quartos,4 Banheiros,2 Vagas,"Piscina
Churrasqueira
Elevador
Condomínio fechado
Varanda
...",R$ 1.780.000,R$ 1.100,Brooklin,2023-07-09 18:44
2566397566,https://www.vivareal.com.br/imovel/apartamento-2-quartos-brooklin-zona-sul-sao-paulo-com-garagem-75m2-venda-RS923160-id-2566397566/,"Apartamento com 2 Quartos à Venda, 75m²","Rua Andréa Paulinetti, 242 - Brooklin, São Paulo - SP",75,2 Quartos,3 Banheiros,1 Vaga,"Piscina
Churrasqueira
Elevador
Condomínio fechado
Academia
...",R$ 923.160,R$ 550,Brooklin,2023-07-09 18:44
https://www.vivareal.com.br/imoveis-lancamento/home-design-brooklin-68m-2636669885,https://www.vivareal.com.br/imoveis-lancamento/home-design-brooklin-68m-2636669885/,Home Design Brooklin || 68M²,"Rua Professor José Leite e Oiticica, 434 - Brooklin, São Paulo - SP",68,2 Quartos,2 Banheiros,1 Vaga,,R$ 980.000,,Brooklin,2023-07-09 18:44
2567225159,https://www.vivareal.com.br/imovel/apartamento-2-quartos-brooklin-zona-sul-sao-paulo-com-garagem-66m2-venda-RS1127037-id-2567225159/,"Apartamento com 2 Quartos à Venda, 66m²","Avenida Santo Amaro, 4800 - Brooklin, São Paulo - SP",66,2 Quartos,2 Banheiros,1 Vaga,"Elevador
Condomínio fechado
Varanda
Academia
Espaço gourmet
...",R$ 1.127.037,R$ 651,Brooklin,2023-07-09 18:44
2642807376,https://www.vivareal.com.br/imovel/apartamento-2-quartos-brooklin-zona-sul-sao-paulo-com-garagem-107m2-venda-RS1950000-id-2642807376/,"Apartamento com 2 Quartos à Venda, 107m²","Rua George Ohm - Brooklin, São Paulo - SP",107,2 Quartos,5 Banheiros,2 Vagas,"Garagem
Perto de transporte público",R$ 1.950.000,R$ 973,Brooklin,2023-07-09 18:44
2630183909,https://www.vivareal.com.br/imovel/apartamento-2-quartos-brooklin-zona-sul-sao-paulo-com-garagem-80m2-venda-RS1174400-id-2630183909/,"Apartamento com 2 Quartos à Venda, 80m²","Rua Andiroba, 45 - Brooklin, São Paulo - SP",80,2 Quartos,3 Banheiros,1 Vaga,"Piscina
Churrasqueira
Elevador
Condomínio fechado
Varanda
...",R$ 1.174.400,R$ 800,Brooklin,2023-07-09 18:44
2605658248,https://www.vivareal.com.br/imovel/apartamento-3-quartos-brooklin-zona-sul-sao-paulo-com-garagem-105m2-venda-RS1250000-id-2605658248/,"Apartamento com 3 Quartos à Venda, 105m²","Rua Barão do Triunfo, 786 - Brooklin, São Paulo - SP",105,3 Quartos,5 Banheiros,3 Vagas,"Churrasqueira
Piscina
Varanda gourmet
Sauna",R$ 1.250.000,R$ 1.600,Brooklin,2023-07-09 18:44
2621023480,https://www.vivareal.com.br/imovel/apartamento-2-quartos-brooklin-zona-sul-sao-paulo-com-garagem-69m2-venda-RS865500-id-2621023480/,"Apartamento com 2 Quartos à Venda, 69m²","Rua Getúlio Soares da Rocha, 174 - Brooklin, São Paulo - SP",69,2 Quartos,3 Banheiros,1 Vaga,"Piscina
Churrasqueira
Elevador
Condomínio fechado
Academia
...",R$ 865.500,R$ 630,Brooklin,2023-07-09 18:44
2642794526,https://www.vivareal.com.br/imovel/apartamento-2-quartos-brooklin-zona-sul-sao-paulo-com-garagem-78m2-venda-RS757170-id-2642794526/,"Apartamento com 2 Quartos à Venda, 78m²","Avenida Portugal - Brooklin, São Paulo - SP",78,2 Quartos,2 Banheiros,1 Vaga,"Garagem
Playground
Salão de festas",R$ 757.170,R$ 650,Brooklin,2023-07-09 18:44
https://www.vivareal.com.br/imoveis-lancamento/quartier-brooklin-2633168097,https://www.vivareal.com.br/imoveis-lancamento/quartier-brooklin-2633168097/,Quartier Brooklin,"Rua das Margaridas, 133 - Brooklin, São Paulo - SP",137,3 Quartos,5 Banheiros,2 Vagas,,R$ 1.989.900,,Brooklin,2023-07-09 18:44
2581039781,https://www.vivareal.com.br/imovel/apartamento-3-quartos-brooklin-zona-sul-sao-paulo-com-garagem-157m2-venda-RS2085000-id-2581039781/,"Apartamento com 3 Quartos à Venda, 157m²","Rua Joaquim Guarani, 271 - Brooklin, São Paulo - SP",157,3 Quartos,4 Banheiros,2 Vagas,"Piscina
Churrasqueira
Elevador
Condomínio fechado
Varanda
...",R$ 2.085.000,R$ 1.340,Brooklin,2023-07-09 18:44
2554926012,https://www.vivareal.com.br/imovel/apartamento-3-quartos-brooklin-zona-sul-sao-paulo-com-garagem-131m2-venda-RS2437000-id-2554926012/,"Apartamento com 3 Quartos à Venda, 131m²","Rua Michigan, 560 - Brooklin, São Paulo - SP",131,3 Quartos,5 Banheiros,2 Vagas,"Piscina
Churrasqueira
Elevador
Condomínio fechado
Academia
...",R$ 2.437.000,R$ 1.100,Brooklin,2023-07-09 18:44
2516644787,https://www.vivareal.com.br/imovel/apartamento-3-quartos-brooklin-zona-sul-sao-paulo-com-garagem-94m2-venda-RS1135000-id-2516644787/,"Apartamento com 3 Quartos à Venda, 94m²","Brooklin, São Paulo - SP",94,3 Quartos,4 Banheiros,2 Vagas,Ar-condicionado,R$ 1.135.000,R$ 950,Brooklin,2023-07-09 18:44
2606577479,https://www.vivareal.com.br/imovel/apartamento-4-quartos-brooklin-zona-sul-sao-paulo-com-garagem-197m2-venda-RS3395000-id-2606577479/,"Apartamento com 4 Quartos à Venda, 197m²","Rua João Alfredo, 645 - Brooklin, São Paulo - SP",197,4 Quartos,6 Banheiros,3 Vagas,"Piscina
Churrasqueira
Elevador
Condomínio fechado
Varanda
...",R$ 3.395.000,,Brooklin,2023-07-09 18:44
2642809657,https://www.vivareal.com.br/imovel/apartamento-3-quartos-brooklin-zona-sul-sao-paulo-com-garagem-132m2-venda-RS1280000-id-2642809657/,"Apartamento com 3 Quartos à Venda, 132m²","Avenida Vereador José Diniz - Brooklin, São Paulo - SP",132,3 Quartos,2 Banheiros,3 Vagas,"Piscina
Academia
Aceita animais
Garagem
Playground
...",R$ 1.280.000,,Brooklin,2023-07-09 18:44
2635950972,https://www.vivareal.com.br/imovel/apartamento-2-quartos-brooklin-zona-sul-sao-paulo-com-garagem-100m2-venda-RS1495000-id-2635950972/,"Apartamento com 2 Quartos à Venda, 100m²","Rua Getúlio Soares da Rocha, 135 - Brooklin, São Paulo - SP",100,2 Quartos,3 Banheiros,2 Vagas,"Academia
Garagem
Ar-condicionado
Área de serviço
Depósito
...","R$ 1.495.000
Preço abaixo do mercado",R$ 800,Brooklin,2023-07-09 18:44
https://www.vivareal.com.br/imoveis-lancamento/soul-brooklin-2622800773,https://www.vivareal.com.br/imoveis-lancamento/soul-brooklin-2622800773/,Soul Brooklin,"Rua Abará, 43 - Brooklin, São Paulo - SP",27-31,1 Quarto,1 Banheiro,-- Vaga,,R$ 340.000,,Brooklin,2023-07-09 18:44
2507967146,https://www.vivareal.com.br/imovel/apartamento-4-quartos-brooklin-zona-sul-sao-paulo-com-garagem-145m2-venda-RS2327000-id-2507967146/,"Apartamento com 4 Quartos à Venda, 145m²","Rua Rita Joana de Sousa, 502 - Brooklin, São Paulo - SP",145,4 Quartos,4 Banheiros,2 Vagas,"Piscina
Churrasqueira
Elevador
Condomínio fechado
Varanda
...",R$ 2.327.000,R$ 1.500,Brooklin,2023-07-09 18:44
2642145960,https://www.vivareal.com.br/imovel/apartamento-2-quartos-brooklin-zona-sul-sao-paulo-com-garagem-67m2-venda-RS909990-id-2642145960/,"Apartamento com 2 Quartos à Venda, 67m²","Avenida Portugal, 1223 - Brooklin, São Paulo - SP",67,2 Quartos,2 Banheiros,1 Vaga,"Playground
Salão de jogos
Salão de festas
Área de serviço",R$ 909.990,R$ 840,Brooklin,2023-07-09 18:44
2596848805,https://www.vivareal.com.br/imovel/apartamento-2-quartos-brooklin-zona-sul-sao-paulo-com-garagem-76m2-venda-RS991000-id-2596848805/,"Apartamento com 2 Quartos à Venda, 76m²","Rua Andréa Paulinetti, 242 - Brooklin, São Paulo - SP",76,2 Quartos,2 Banheiros,1 Vaga,"Piscina
Churrasqueira
Elevador
Academia
Aceita animais
...",R$ 991.000,R$ 760,Brooklin,2023-07-09 18:44
2642125297,https://www.vivareal.com.br/imovel/apartamento-2-quartos-brooklin-zona-sul-sao-paulo-com-garagem-67m2-venda-RS909980-id-2642125297/,"Apartamento com 2 Quartos à Venda, 67m²","Avenida Portugal, 1223 - Brooklin, São Paulo - SP",67,2 Quartos,2 Banheiros,1 Vaga,"Playground
Salão de jogos
Salão de festas
Área de serviço",R$ 909.980,R$ 840,Brooklin,2023-07-09 18:44
2586523664,https://www.vivareal.com.br/imovel/apartamento-3-quartos-brooklin-zona-sul-sao-paulo-com-garagem-128m2-venda-RS1790000-id-2586523664/,"Apartamento com 3 Quartos à Venda, 128m²","Rua Bacaetava, 264 - Brooklin, São Paulo - SP",128,3 Quartos,4 Banheiros,2 Vagas,"Piscina
Churrasqueira
Elevador
Condomínio fechado
Academia
...",R$ 1.790.000,R$ 1.600,Brooklin,2023-07-09 18:44
2642642236,https://www.vivareal.com.br/imovel/apartamento-2-quartos-brooklin-zona-sul-sao-paulo-com-garagem-92m2-venda-RS1680000-id-2642642236/,"Apartamento com 2 Quartos à Venda, 92m²","Rua das Margaridas - Brooklin, São Paulo - SP",92,2 Quartos,3 Banheiros,2 Vagas,"Piscina
Churrasqueira
Academia
Aceita animais
Playground
...",R$ 1.680.000,R$ 889,Brooklin,2023-07-09 18:44
https://www.vivareal.com.br/imoveis-lancamento/atypic-2613188598,https://www.vivareal.com.br/imoveis-lancamento/atypic-2613188598/,Atypic,"Rua Comendador Eduardo Saccab, 181 - Brooklin, São Paulo - SP",201,4 Quartos,4 Banheiros,3 Vagas,,R$ 3.600.000,,Brooklin,2023-07-09 18:44
2638956426,https://www.vivareal.com.br/imovel/apartamento-2-quartos-brooklin-zona-sul-sao-paulo-com-garagem-64m2-venda-RS789000-id-2638956426/,"Apartamento com 2 Quartos à Venda, 64m²","Rua Nebraska, 217 - Brooklin, São Paulo - SP",64,2 Quartos,2 Banheiros,1 Vaga,"Piscina
Churrasqueira
Condomínio fechado
Varanda
Academia
...",R$ 789.000,R$ 983,Brooklin,2023-07-09 18:44
2528659583,https://www.vivareal.com.br/imovel/apartamento-3-quartos-brooklin-zona-sul-sao-paulo-com-garagem-85m2-venda-RS1100000-id-2528659583/,"Apartamento com 3 Quartos à Venda, 85m²","Rua Nova York - Brooklin, São Paulo - SP",85,3 Quartos,3 Banheiros,2 Vagas,"Piscina
Churrasqueira
Elevador
Condomínio fechado
Academia
...",R$ 1.100.000,R$ 1.020,Brooklin,2023-07-09 18:44
2640063467,https://www.vivareal.com.br/imovel/apartamento-1-quartos-brooklin-zona-sul-sao-paulo-com-garagem-54m2-venda-RS785000-id-2640063467/,"Apartamento com Quarto à Venda, 54m²","Avenida Portugal, 1278 - Brooklin, São Paulo - SP",54,1 Quarto,2 Banheiros,1 Vaga,"Piscina
Elevador
Jardim
Playground
Salão de festas
...",R$ 785.000,R$ 950,Brooklin,2023-07-09 18:44
2596800071,https://www.vivareal.com.br/imovel/apartamento-3-quartos-brooklin-zona-sul-sao-paulo-com-garagem-122m2-venda-RS2129680-id-2596800071/,"Apartamento com 3 Quartos à Venda, 122m²","Avenida Nova Independência, 110 - Brooklin, São Paulo - SP",122,3 Quartos,3 Banheiros,2 Vagas,"Piscina
Churrasqueira
Elevador
Condomínio fechado
Academia
...",R$ 2.129.680,R$ 1.220,Brooklin,2023-07-09 18:44
2642812465,https://www.vivareal.com.br/imovel/apartamento-2-quartos-brooklin-zona-sul-sao-paulo-com-garagem-103m2-venda-RS1750000-id-2642812465/,"Apartamento com 2 Quartos à Venda, 103m²","Rua Getúlio Soares da Rocha - Brooklin, São Paulo - SP",103,2 Quartos,4 Banheiros,2 Vagas,"Piscina
Churrasqueira
Academia
Garagem
Playground
...",R$ 1.750.000,R$ 761,Brooklin,2023-07-09 18:44
2641993128,https://www.vivareal.com.br/imovel/apartamento-3-quartos-brooklin-zona-sul-sao-paulo-com-garagem-67m2-venda-RS669990-id-2641993128/,"Apartamento com 3 Quartos à Venda, 67m²","Avenida Portugal, 371 - Brooklin, São Paulo - SP",67,3 Quartos,2 Banheiros,1 Vaga,Área de serviço,R$ 669.990,R$ 895,Brooklin,2023-07-09 18:44
https://www.vivareal.com.br/imoveis-lancamento/mansao-dos-vikings-2633169005,https://www.vivareal.com.br/imoveis-lancamento/mansao-dos-vikings-2633169005/,Mansão dos Vikings,"Rua Princesa Isabel, 1016 - Brooklin, São Paulo - SP",220,4 Quartos,6 Banheiros,3 Vagas,,R$ 2.900.000,,Brooklin,2023-07-09 18:44
2626562119,https://www.vivareal.com.br/imovel/apartamento-3-quartos-brooklin-zona-sul-sao-paulo-com-garagem-115m2-venda-RS1100000-id-2626562119/,"Apartamento com 3 Quartos à Venda, 115m²","Rua Barão do Triunfo, 786 - Brooklin, São Paulo - SP",115,3 Quartos,4 Banheiros,3 Vagas,"Piscina
Mobiliado
Elevador
Academia
Aceita animais
...",R$ 1.100.000,R$ 1.671,Brooklin,2023-07-09 18:44
2636448066,https://www.vivareal.com.br/imovel/apartamento-5-quartos-brooklin-zona-sul-sao-paulo-com-garagem-206m2-venda-RS1400000-id-2636448066/,"Apartamento com 5 Quartos à Venda, 206m²","Rua Nebraska, 189 - Brooklin, São Paulo - SP",206,5 Quartos,4 Banheiros,2 Vagas,Jardim,R$ 1.400.000,R$ 2.977,Brooklin,2023-07-09 18:44
2567224105,https://www.vivareal.com.br/imovel/apartamento-1-quartos-brooklin-zona-sul-sao-paulo-com-garagem-32m2-venda-RS684480-id-2567224105/,"Apartamento com Quarto à Venda, 32m²","Avenida Santo Amaro, 4800 - Brooklin, São Paulo - SP",32,1 Quarto,1 Banheiro,1 Vaga,"Elevador
Condomínio fechado
Varanda
Academia
Espaço gourmet
...",R$ 684.480,R$ 300,Brooklin,2023-07-09 18:44
2642667848,https://www.vivareal.com.br/imovel/apartamento-1-quartos-brooklin-zona-sul-sao-paulo-23m2-venda-RS315112-id-2642667848/,"Apartamento com Quarto à Venda, 23m²","Rua Crisandálias, 20 - Brooklin, São Paulo - SP",23,1 Quarto,1 Banheiro,-- Vaga,"Piscina
Elevador
Condomínio fechado
Academia
Espaço gourmet
...",R$ 315.112,,Brooklin,2023-07-09 18:44
2642646218,https://www.vivareal.com.br/imovel/apartamento-3-quartos-brooklin-zona-sul-sao-paulo-com-garagem-97m2-venda-RS1100000-id-2642646218/,"Apartamento com 3 Quartos à Venda, 97m²","Rua Guararapes, 495 - Brooklin, São Paulo - SP",97,3 Quartos,2 Banheiros,1 Vaga,"Cozinha
Elevador
Lavanderia
Piscina
Aceita animais",R$ 1.100.000,R$ 1.150,Brooklin,2023-07-09 18:44
2642504131,https://www.vivareal.com.br/imovel/apartamento-1-quartos-brooklin-zona-sul-sao-paulo-com-garagem-54m2-venda-RS745000-id-2642504131/,"Apartamento com Quarto à Venda, 54m²","Avenida Portugal, 1278 - Brooklin, São Paulo - SP",54,1 Quarto,1 Banheiro,1 Vaga,"Piscina
Mobiliado
Churrasqueira
Elevador
Quintal
...",R$ 745.000,R$ 626,Brooklin,2023-07-09 18:44
2642921880,https://www.vivareal.com.br/imovel/apartamento-3-quartos-saude-zona-sul-sao-paulo-com-garagem-74m2-venda-RS560000-id-2642921880/,"Apartamento com 3 Quartos à Venda, 74m²","Rua Abagiba - Saúde, São Paulo - SP",74,3 Quartos,1 Banheiro,1 Vaga,"Piscina
Churrasqueira
Elevador
Academia
Espaço gourmet
...",R$ 560.000,R$ 780,Saúde,2023-07-09 18:45
https://www.vivareal.com.br/imoveis-lancamento/heaven-design-saude-66m-2639972487,https://www.vivareal.com.br/imoveis-lancamento/heaven-design-saude-66m-2639972487/,Heaven Design Saúde 66m²,"Rua Ituxi, 104 - Saúde, São Paulo - SP",66,2 Quartos,1 Banheiro,1 Vaga,,R$ 763.600,,Saúde,2023-07-09 18:45
2643024158,https://www.vivareal.com.br/imovel/apartamento-3-quartos-saude-zona-sul-sao-paulo-com-garagem-70m2-venda-RS400000-id-2643024158/,"Apartamento com 3 Quartos à Venda, 70m²","Rua Itapiru, 601 - Saúde, São Paulo - SP",70,3 Quartos,1 Banheiro,2 Vagas,"Cozinha
Elevador
Espaço gourmet",R$ 400.000,R$ 685,Saúde,2023-07-09 18:45
2642952930,https://www.vivareal.com.br/imovel/apartamento-2-quartos-saude-zona-sul-sao-paulo-com-garagem-85m2-venda-RS959000-id-2642952930/,"Apartamento com 2 Quartos à Venda, 85m²","Rua Traituba, 111 - Saúde, São Paulo - SP",85,2 Quartos,3 Banheiros,2 Vagas,"Piscina
Churrasqueira
Elevador
Academia
Aceita animais
...",R$ 959.000,,Saúde,2023-07-09 18:45
2643083178,https://www.vivareal.com.br/imovel/apartamento-2-quartos-saude-zona-sul-sao-paulo-com-garagem-64m2-venda-RS620000-id-2643083178/,"Apartamento com 2 Quartos à Venda, 64m²","Rua Visconde de Inhaúma, 552 - Saúde, São Paulo - SP",64,2 Quartos,2 Banheiros,1 Vaga,"Piscina
Churrasqueira
Elevador
Condomínio fechado
Academia
...",R$ 620.000,R$ 850,Saúde,2023-07-09 18:45
2642859597,https://www.vivareal.com.br/imovel/apartamento-2-quartos-saude-zona-sul-sao-paulo-com-garagem-67m2-venda-RS519330-id-2642859597/,"Apartamento com 2 Quartos à Venda, 67m²","Rua Galeazzo Alessi, 100 - Saúde, São Paulo - SP",67,2 Quartos,2 Banheiros,2 Vagas,"Churrasqueira
Salão de festas
Aceita animais",R$ 519.330,R$ 528,Saúde,2023-07-09 18:45
2642993964,https://www.vivareal.com.br/imovel/apartamento-3-quartos-saude-zona-sul-sao-paulo-com-garagem-77m2-venda-RS390000-id-2642993964/,"Apartamento com 3 Quartos à Venda, 77m²","Rua General Chagas Santos, 285 - Saúde, São Paulo - SP",77,3 Quartos,2 Banheiros,1 Vaga,"Cozinha
Mobiliado",R$ 390.000,R$ 600,Saúde,2023-07-09 18:45
2642765956,https://www.vivareal.com.br/imovel/apartamento-2-quartos-saude-zona-sul-sao-paulo-com-garagem-63m2-venda-RS430000-id-2642765956/,"Apartamento com 2 Quartos à Venda, 63m²","Rua Catulo da Paixão Cearense, 399 - Saúde, São Paulo - SP",63,2 Quartos,1 Banheiro,1 Vaga,"Churrasqueira
Condomínio fechado
Academia
Aceita animais
Ar-condicionado
...",R$ 430.000,R$ 700,Saúde,2023-07-09 18:45
https://www.vivareal.com.br/imoveis-lancamento/aurora-2620324757,https://www.vivareal.com.br/imoveis-lancamento/aurora-2620324757/,Aurora,"Rua General Camisão, 223 - Saúde, São Paulo - SP",68-107,2-3 Quartos,2-3 Banheiros,1-2 Vagas,,Sob Consulta,,Saúde,2023-07-09 18:45
2643045352,https://www.vivareal.com.br/imovel/apartamento-2-quartos-saude-zona-sul-sao-paulo-com-garagem-62m2-venda-RS530000-id-2643045352/,"Apartamento com 2 Quartos à Venda, 62m²","Rua Lomas Valentinas - Saúde, São Paulo - SP",62,2 Quartos,2 Banheiros,2 Vagas,"Piscina
Churrasqueira
Elevador
Academia
Playground
...",R$ 530.000,R$ 703,Saúde,2023-07-09 18:45
2642356919,https://www.vivareal.com.br/imovel/apartamento-3-quartos-saude-zona-sul-sao-paulo-com-garagem-74m2-venda-RS750000-id-2642356919/,"Apartamento com 3 Quartos à Venda, 74m²","Rua Jaci, 300 - Saúde, São Paulo - SP",74,3 Quartos,2 Banheiros,2 Vagas,"Piscina
Churrasqueira
Elevador
Varanda
Academia
...",R$ 750.000,R$ 850,Saúde,2023-07-09 18:45
2643095446,https://www.vivareal.com.br/imovel/apartamento-2-quartos-saude-zona-sul-sao-paulo-com-garagem-49m2-venda-RS316900-id-2643095446/,"Apartamento com 2 Quartos à Venda, 49m²","Rua Abagiba - Saúde, São Paulo - SP",49,2 Quartos,1 Banheiro,1 Vaga,"Piscina
Condomínio fechado
Varanda
Academia
Salão de festas
...",R$ 316.900,R$ 600,Saúde,2023-07-09 18:45
2642864770,https://www.vivareal.com.br/imovel/apartamento-1-quartos-saude-zona-sul-sao-paulo-com-garagem-42m2-venda-RS490000-id-2642864770/,"Apartamento com Quarto à Venda, 42m²","Rua Visconde de Inhaúma, 178 - Saúde, São Paulo - SP",42,1 Quarto,1 Banheiro,1 Vaga,"Piscina
Churrasqueira
Elevador
Área de serviço
Varanda gourmet
...",R$ 490.000,R$ 650,Saúde,2023-07-09 18:45
2642938075,https://www.vivareal.com.br/imovel/apartamento-2-quartos-saude-zona-sul-sao-paulo-42m2-venda-RS393000-id-2642938075/,"Apartamento com 2 Quartos à Venda, 42m²","Rua Carneiro da Cunha, 792 - Saúde, São Paulo - SP",42,2 Quartos,1 Banheiro,-- Vaga,"Piscina
Churrasqueira
Elevador
Condomínio fechado
Varanda
...",R$ 393.000,R$ 350,Saúde,2023-07-09 18:45
2642734167,https://www.vivareal.com.br/imovel/apartamento-2-quartos-saude-zona-sul-sao-paulo-com-garagem-74m2-venda-RS530000-id-2642734167/,"Apartamento com 2 Quartos à Venda, 74m²","Rua Estero Belaco, 403 - Saúde, São Paulo - SP",74,2 Quartos,2 Banheiros,1 Vaga,"Elevador
Salão de festas
Condomínio fechado
Portaria 24h",R$ 530.000,R$ 960,Saúde,2023-07-09 18:45
https://www.vivareal.com.br/imoveis-lancamento/living-unique-saude-2618620426,https://www.vivareal.com.br/imoveis-lancamento/living-unique-saude-2618620426/,Living Unique Saúde,"Avenida Afonso Mariano Fagundes, 417 - Saúde, São Paulo - SP",67-125,2-3 Quartos,2-4 Banheiros,1-2 Vagas,,"A partir de
R$ 765.614",,Saúde,2023-07-09 18:45
2642828723,https://www.vivareal.com.br/imovel/apartamento-2-quartos-saude-zona-sul-sao-paulo-com-garagem-84m2-venda-RS990000-id-2642828723/,"Apartamento com 2 Quartos à Venda, 84m²","Rua Traituba - Saúde, São Paulo - SP",84,2 Quartos,3 Banheiros,2 Vagas,,R$ 990.000,R$ 1.070,Saúde,2023-07-09 18:45
2642932724,https://www.vivareal.com.br/imovel/apartamento-1-quartos-saude-zona-sul-sao-paulo-28m2-venda-RS371000-id-2642932724/,"Apartamento com Quarto à Venda, 28m²","Rua Caramuru, 580 - Saúde, São Paulo - SP",28,1 Quarto,1 Banheiro,-- Vaga,"Mobiliado
Condomínio fechado
Varanda
Academia
Espaço gourmet
...",R$ 371.000,R$ 480,Saúde,2023-07-09 18:45
2578925236,https://www.vivareal.com.br/imovel/apartamento-2-quartos-saude-zona-sul-sao-paulo-com-garagem-63m2-venda-RS680000-id-2578925236/,"Apartamento com 2 Quartos à Venda, 63m²","Rua Caramuru, 1438 - Saúde, São Paulo - SP",63,2 Quartos,1 Banheiro,1 Vaga,"Piscina
Churrasqueira
Elevador
Condomínio fechado
Academia
...",R$ 680.000,R$ 1.050,Saúde,2023-07-09 18:45
2643097768,https://www.vivareal.com.br/imovel/apartamento-2-quartos-saude-zona-sul-sao-paulo-com-garagem-49m2-venda-RS299900-id-2643097768/,"Apartamento com 2 Quartos à Venda, 49m²","Rua Abagiba - Saúde, São Paulo - SP",49,2 Quartos,1 Banheiro,1 Vaga,"Piscina
Churrasqueira
Varanda
Academia
Salão de festas
...",R$ 299.900,R$ 600,Saúde,2023-07-09 18:45
2642214155,https://www.vivareal.com.br/imovel/apartamento-2-quartos-saude-zona-sul-sao-paulo-com-garagem-70m2-venda-RS530000-id-2642214155/,"Apartamento com 2 Quartos à Venda, 70m²","Rua Abagiba, 582 - Saúde, São Paulo - SP",70,2 Quartos,1 Banheiro,2 Vagas,Interfone,R$ 530.000,R$ 700,Saúde,2023-07-09 18:45
2642535178,https://www.vivareal.com.br/imovel/apartamento-2-quartos-saude-zona-sul-sao-paulo-com-garagem-63m2-venda-RS585000-id-2642535178/,"Apartamento com 2 Quartos à Venda, 63m²","Rua Lomas Valentinas - Saúde, São Paulo - SP",63,2 Quartos,2 Banheiros,2 Vagas,,R$ 585.000,R$ 886,Saúde,2023-07-09 18:45
2642860571,https://www.vivareal.com.br/imovel/apartamento-3-quartos-saude-zona-sul-sao-paulo-com-garagem-73m2-venda-RS589430-id-2642860571/,"Apartamento com 3 Quartos à Venda, 73m²","Avenida do Cursino, 100 - Saúde, São Paulo - SP",73,3 Quartos,2 Banheiros,2 Vagas,"Piscina
Churrasqueira
Academia
Aceita animais
Espaço gourmet
...",R$ 589.430,R$ 512,Saúde,2023-07-09 18:45
2642682112,https://www.vivareal.com.br/imovel/apartamento-3-quartos-saude-zona-sul-sao-paulo-com-garagem-94m2-venda-RS820000-id-2642682112/,"Apartamento com 3 Quartos à Venda, 94m²","Avenida Bosque da Saúde - Saúde, São Paulo - SP",94,3 Quartos,3 Banheiros,2 Vagas,"Piscina
Churrasqueira
Elevador
Academia
Aceita animais
...",R$ 820.000,R$ 10,Saúde,2023-07-09 18:45
2642932793,https://www.vivareal.com.br/imovel/apartamento-2-quartos-saude-zona-sul-sao-paulo-com-garagem-58m2-venda-RS475000-id-2642932793/,"Apartamento com 2 Quartos à Venda, 58m²","Avenida Bosque da Saúde, 400 - Saúde, São Paulo - SP",58,2 Quartos,2 Banheiros,1 Vaga,"Piscina
Elevador
Varanda
Academia
Aceita animais
...",R$ 475.000,R$ 700,Saúde,2023-07-09 18:45
2554164680,https://www.vivareal.com.br/imovel/apartamento-2-quartos-saude-zona-sul-sao-paulo-com-garagem-63m2-venda-RS520000-id-2554164680/,"Apartamento com 2 Quartos à Venda, 63m²","Rua Lomas Valentinas - Saúde, São Paulo - SP",63,2 Quartos,2 Banheiros,2 Vagas,,"R$ 520.000
Preço abaixo do mercado",R$ 900,Saúde,2023-07-09 18:45
2642518150,https://www.vivareal.com.br/imovel/apartamento-4-quartos-saude-zona-sul-sao-paulo-com-garagem-160m2-venda-RS1167000-id-2642518150/,"Apartamento com 4 Quartos à Venda, 160m²","Rua Itaóca, 201 - Saúde, São Paulo - SP",160,4 Quartos,4 Banheiros,2 Vagas,"Piscina
Elevador
Condomínio fechado
Aceita animais
Salão de festas
...",R$ 1.167.000,R$ 2.030,Saúde,2023-07-09 18:45
2642603766,https://www.vivareal.com.br/imovel/apartamento-2-quartos-saude-zona-sul-sao-paulo-com-garagem-50m2-venda-RS423000-id-2642603766/,"Apartamento com 2 Quartos à Venda, 50m²","Rua dos Democratas - Saúde, São Paulo - SP",50,2 Quartos,1 Banheiro,1 Vaga,,R$ 423.000,R$ 700,Saúde,2023-07-09 18:45
2642564764,https://www.vivareal.com.br/imovel/apartamento-2-quartos-saude-zona-sul-sao-paulo-com-garagem-63m2-venda-RS370000-id-2642564764/,"Apartamento com 2 Quartos à Venda, 63m²","Rua Caramuru, 1438 - Saúde, São Paulo - SP",63,2 Quartos,1 Banheiro,1 Vaga,"Cozinha
Mobiliado
Jardim
Ar-condicionado",R$ 370.000,R$ 430,Saúde,2023-07-09 18:45
2642792227,https://www.vivareal.com.br/imovel/apartamento-3-quartos-saude-zona-sul-sao-paulo-com-garagem-105m2-venda-RS960000-id-2642792227/,"Apartamento com 3 Quartos à Venda, 105m²","Rua dos Democratas - Saúde, São Paulo - SP",105,3 Quartos,2 Banheiros,2 Vagas,"Piscina
Mobiliado
Academia
Aceita animais
Garagem
...",R$ 960.000,R$ 1.000,Saúde,2023-07-09 18:45
2642924592,https://www.vivareal.com.br/imovel/cobertura-3-quartos-saude-zona-sul-sao-paulo-com-garagem-109m2-venda-RS890000-id-2642924592/,"Apartamento com 3 Quartos à Venda, 109m²","Rua Percílio Neto - Saúde, São Paulo - SP",109,3 Quartos,3 Banheiros,3 Vagas,"Piscina
Churrasqueira
Elevador
Condomínio fechado
Academia
...",R$ 890.000,R$ 1.153,Saúde,2023-07-09 18:45
2641546778,https://www.vivareal.com.br/imovel/apartamento-2-quartos-saude-zona-sul-sao-paulo-com-garagem-70m2-venda-RS530000-id-2641546778/,"Apartamento com 2 Quartos à Venda, 70m²","Rua Abagiba, 582 - Saúde, São Paulo - SP",70,2 Quartos,1 Banheiro,2 Vagas,,R$ 530.000,R$ 700,Saúde,2023-07-09 18:45
2643050054,https://www.vivareal.com.br/imovel/apartamento-2-quartos-saude-zona-sul-sao-paulo-com-garagem-62m2-venda-RS590000-id-2643050054/,"Apartamento com 2 Quartos à Venda, 62m²","Rua Lomas Valentinas - Saúde, São Paulo - SP",62,2 Quartos,2 Banheiros,2 Vagas,"Piscina
Churrasqueira
Elevador
Academia
Playground
...",R$ 590.000,R$ 703,Saúde,2023-07-09 18:45
2642805387,https://www.vivareal.com.br/imovel/apartamento-3-quartos-saude-zona-sul-sao-paulo-com-garagem-103m2-venda-RS1100000-id-2642805387/,"Apartamento com 3 Quartos à Venda, 103m²","Rua Carneiro da Cunha - Saúde, São Paulo - SP",103,3 Quartos,3 Banheiros,3 Vagas,"Piscina
Churrasqueira
Academia
Aceita animais
Espaço gourmet
...",R$ 1.100.000,R$ 950,Saúde,2023-07-09 18:45
2642495154,https://www.vivareal.com.br/imovel/apartamento-2-quartos-saude-zona-sul-sao-paulo-com-garagem-64m2-venda-RS615001-id-2642495154/,"Apartamento com 2 Quartos à Venda, 64m²","Rua dos Democratas, 571 - Saúde, São Paulo - SP",64,2 Quartos,2 Banheiros,1 Vaga,"Piscina
Mobiliado
Churrasqueira
Elevador
Condomínio fechado
...",R$ 615.001,R$ 550,Saúde,2023-07-09 18:45
2624939149,https://www.vivareal.com.br/imovel/apartamento-2-quartos-saude-zona-sul-sao-paulo-com-garagem-66m2-venda-RS699000-id-2624939149/,"Apartamento com 2 Quartos à Venda, 66m²","Rua Ituxi, 104 - Saúde, São Paulo - SP",66,2 Quartos,2 Banheiros,1 Vaga,"Aceita animais
Varanda gourmet","R$ 699.000
Preço abaixo do mercado",R$ 690,Saúde,2023-07-09 18:45
2642703771,https://www.vivareal.com.br/imovel/apartamento-3-quartos-saude-zona-sul-sao-paulo-com-garagem-117m2-venda-RS830000-id-2642703771/,"Apartamento com 3 Quartos à Venda, 117m²","Rua Catulo da Paixão Cearense, 521 - Saúde, São Paulo - SP",117,3 Quartos,3 Banheiros,3 Vagas,,R$ 830.000,R$ 1.465,Saúde,2023-07-09 18:45
2642804038,https://www.vivareal.com.br/imovel/apartamento-4-quartos-saude-zona-sul-sao-paulo-com-garagem-108m2-venda-RS1100000-id-2642804038/,"Apartamento com 4 Quartos à Venda, 108m²","Travessa Irineu Reis - Saúde, São Paulo - SP",108,4 Quartos,2 Banheiros,2 Vagas,"Piscina
Churrasqueira
Academia
Aceita animais
Garagem
...",R$ 1.100.000,R$ 920,Saúde,2023-07-09 18:45
2642416369,https://www.vivareal.com.br/imovel/apartamento-2-quartos-saude-zona-sul-sao-paulo-com-garagem-50m2-venda-RS470000-id-2642416369/,"Apartamento com 2 Quartos à Venda, 50m²","Avenida Bosque da Saúde, 610 - Saúde, São Paulo - SP",50,2 Quartos,2 Banheiros,1 Vaga,"Garagem
Cozinha
Salão de festas
Condomínio fechado",R$ 470.000,R$ 750,Saúde,2023-07-09 18:45
2642117263,https://www.vivareal.com.br/imovel/apartamento-2-quartos-saude-zona-sul-sao-paulo-com-garagem-50m2-venda-RS620000-id-2642117263/,"Apartamento com 2 Quartos à Venda, 50m²","Rua Dias de Toledo, 264 - Saúde, São Paulo - SP",50,2 Quartos,2 Banheiros,1 Vaga,,R$ 620.000,R$ 700,Saúde,2023-07-09 18:45
2636079120,https://www.vivareal.com.br/imovel/apartamento-2-quartos-saude-zona-sul-sao-paulo-com-garagem-83m2-venda-RS852000-id-2636079120/,"Apartamento com 2 Quartos à Venda, 83m²","Rua Araçoiaba, 30 - Saúde, São Paulo - SP",83,2 Quartos,2 Banheiros,1 Vaga,"Piscina
Churrasqueira
Elevador
Condomínio fechado
Academia
...",R$ 852.000,R$ 900,Saúde,2023-07-09 18:45
2642775962,https://www.vivareal.com.br/imovel/apartamento-2-quartos-saude-zona-sul-sao-paulo-com-garagem-50m2-venda-RS390000-id-2642775962/,"Apartamento com 2 Quartos à Venda, 50m²","Rua Abagiba - Saúde, São Paulo - SP",50,2 Quartos,1 Banheiro,1 Vaga,"Piscina
Churrasqueira
Elevador
Academia
Aceita animais
...",R$ 390.000,R$ 690,Saúde,2023-07-09 18:45
2635667491,https://www.vivareal.com.br/imovel/apartamento-3-quartos-saude-zona-sul-sao-paulo-com-garagem-78m2-venda-RS860000-id-2635667491/,"Apartamento com 3 Quartos à Venda, 78m²","Rua Itapiru, 500 - Saúde, São Paulo - SP",78,3 Quartos,3 Banheiros,2 Vagas,"Piscina
Churrasqueira
Elevador
Condomínio fechado
Academia
...",R$ 860.000,R$ 965,Saúde,2023-07-09 18:45
2577424911,https://www.vivareal.com.br/imovel/apartamento-3-quartos-saude-zona-sul-sao-paulo-com-garagem-78m2-venda-RS530000-id-2577424911/,"Apartamento com 3 Quartos à Venda, 78m²","Rua Abagiba - Saúde, São Paulo - SP",78,3 Quartos,2 Banheiros,2 Vagas,"Churrasqueira
Piscina
Quadra poliesportiva
Varanda",R$ 530.000,R$ 774,Saúde,2023-07-09 18:45
2642180412,https://www.vivareal.com.br/imovel/apartamento-2-quartos-saude-zona-sul-sao-paulo-com-garagem-56m2-venda-RS450000-id-2642180412/,"Apartamento com 2 Quartos à Venda, 56m²","Rua Doutor Nogueira Martins, 724 - Saúde, São Paulo - SP",56,2 Quartos,2 Banheiros,2 Vagas,"Piscina
Churrasqueira
Elevador
Condomínio fechado
Aceita animais
...","R$ 450.000
Preço abaixo do mercado",R$ 736,Saúde,2023-07-09 18:45
2642540316,https://www.vivareal.com.br/imovel/apartamento-3-quartos-saude-zona-sul-sao-paulo-com-garagem-70m2-venda-RS450000-id-2642540316/,"Apartamento com 3 Quartos à Venda, 70m²","Rua Abagiba - Saúde, São Paulo - SP",70,3 Quartos,2 Banheiros,1 Vaga,"Piscina
Churrasqueira
Elevador
Academia
Garagem
...",R$ 450.000,R$ 750,Saúde,2023-07-09 18:45
2628423456,https://www.vivareal.com.br/imovel/apartamento-3-quartos-saude-zona-sul-sao-paulo-com-garagem-69m2-venda-RS560000-id-2628423456/,"Apartamento com 3 Quartos à Venda, 69m²","Rua Abagiba, 838 - Saúde, São Paulo - SP",69,3 Quartos,2 Banheiros,2 Vagas,"Piscina
Churrasqueira
Elevador
Condomínio fechado
Academia
...",R$ 560.000,R$ 806,Saúde,2023-07-09 18:45
2642649665,https://www.vivareal.com.br/imovel/apartamento-2-quartos-saude-zona-sul-sao-paulo-com-garagem-60m2-venda-RS559000-id-2642649665/,"Apartamento com 2 Quartos à Venda, 60m²","Rua Itapiru, 224 - Saúde, São Paulo - SP",60,2 Quartos,2 Banheiros,1 Vaga,"Piscina
Churrasqueira
Elevador
Área de serviço
Quadra poliesportiva
...",R$ 559.000,R$ 712,Saúde,2023-07-09 18:45
2643072072,https://www.vivareal.com.br/imovel/apartamento-3-quartos-saude-zona-sul-sao-paulo-com-garagem-106m2-venda-RS1169900-id-2643072072/,"Apartamento com 3 Quartos à Venda, 106m²","Rua das Uvaias - Saúde, São Paulo - SP",106,3 Quartos,4 Banheiros,2 Vagas,"Piscina
Mobiliado
Churrasqueira
Elevador
Varanda
...",R$ 1.169.900,R$ 792,Saúde,2023-07-09 18:45
2636479768,https://www.vivareal.com.br/imovel/apartamento-2-quartos-saude-zona-sul-sao-paulo-com-garagem-76m2-venda-RS796000-id-2636479768/,"Apartamento com 2 Quartos à Venda, 76m²","Rua Artur Thiré, 773 - Saúde, São Paulo - SP",76,2 Quartos,2 Banheiros,2 Vagas,"Piscina
Churrasqueira
Elevador
Condomínio fechado
Academia
...",R$ 796.000,R$ 700,Saúde,2023-07-09 18:45
2641064003,https://www.vivareal.com.br/imovel/apartamento-3-quartos-saude-zona-sul-sao-paulo-com-garagem-98m2-venda-RS1272000-id-2641064003/,"Apartamento com 3 Quartos à Venda, 98m²","Rua Agostinho Rodrigues Filho, 350 - Saúde, São Paulo - SP",98,3 Quartos,3 Banheiros,2 Vagas,"Piscina
Varanda",R$ 1.272.000,R$ 1.146,Saúde,2023-07-09 18:45
2642987876,https://www.vivareal.com.br/imovel/apartamento-2-quartos-saude-zona-sul-sao-paulo-com-garagem-46m2-venda-RS319000-id-2642987876/,"Apartamento com 2 Quartos à Venda, 46m²","Rua Abagiba, 674 - Saúde, São Paulo - SP",46,2 Quartos,1 Banheiro,1 Vaga,"Piscina
Churrasqueira
Elevador
Varanda
Aceita animais
...",R$ 319.000,R$ 500,Saúde,2023-07-09 18:45
2642862461,https://www.vivareal.com.br/imovel/apartamento-3-quartos-saude-zona-sul-sao-paulo-com-garagem-82m2-venda-RS594230-id-2642862461/,"Apartamento com 3 Quartos à Venda, 82m²","Avenida Miguel Estefno, 100 - Saúde, São Paulo - SP",82,3 Quartos,3 Banheiros,2 Vagas,"Piscina
Academia
Aceita animais
Playground
Salão de festas
...",R$ 594.230,R$ 896,Saúde,2023-07-09 18:45
2642421780,https://www.vivareal.com.br/imovel/apartamento-2-quartos-saude-zona-sul-sao-paulo-com-garagem-61m2-venda-RS583000-id-2642421780/,"Apartamento com 2 Quartos à Venda, 61m²","Rua Itapiru, 224 - Saúde, São Paulo - SP",61,2 Quartos,2 Banheiros,1 Vaga,"Piscina
Churrasqueira
Academia
Jardim
Playground
...",R$ 583.000,R$ 900,Saúde,2023-07-09 18:45
2630524900,https://www.vivareal.com.br/imovel/apartamento-2-quartos-saude-zona-sul-sao-paulo-com-garagem-55m2-venda-RS530000-id-2630524900/,"Apartamento com 2 Quartos à Venda, 55m²","Rua Dias de Toledo, 01 - Saúde, São Paulo - SP",55,2 Quartos,2 Banheiros,1 Vaga,"Churrasqueira
Academia
Aceita animais
Piscina infantil
Salão de festas
...",R$ 530.000,R$ 785,Saúde,2023-07-09 18:45
2642601740,https://www.vivareal.com.br/imovel/apartamento-2-quartos-saude-zona-sul-sao-paulo-com-garagem-58m2-venda-RS420000-id-2642601740/,"Apartamento com 2 Quartos à Venda, 58m²","Rua Itapiru - Saúde, São Paulo - SP",58,2 Quartos,2 Banheiros,1 Vaga,"Churrasqueira
Cozinha
Elevador
Área de serviço",R$ 420.000,R$ 700,Saúde,2023-07-09 18:45
2642797260,https://www.vivareal.com.br/imovel/apartamento-3-quartos-saude-zona-sul-sao-paulo-com-garagem-88m2-venda-RS1180000-id-2642797260/,"Apartamento com 3 Quartos à Venda, 88m²","Avenida Bosque da Saúde, 782 - Saúde, São Paulo - SP",88,3 Quartos,3 Banheiros,2 Vagas,"Piscina
Mobiliado
Churrasqueira
Quintal
Academia
...",R$ 1.180.000,R$ 1.200,Saúde,2023-07-09 18:45
2642858496,https://www.vivareal.com.br/imovel/apartamento-2-quartos-saude-zona-sul-sao-paulo-com-garagem-69m2-venda-RS549180-id-2642858496/,"Apartamento com 2 Quartos à Venda, 69m²","Rua Nossa Senhora da Saúde, 100 - Saúde, São Paulo - SP",69,2 Quartos,2 Banheiros,1 Vaga,"Piscina
Churrasqueira
Academia
Aceita animais
Playground
...",R$ 549.180,R$ 667,Saúde,2023-07-09 18:45
2610440685,https://www.vivareal.com.br/imovel/apartamento-2-quartos-saude-zona-sul-sao-paulo-com-garagem-66m2-venda-RS665000-id-2610440685/,"Apartamento com 2 Quartos à Venda, 66m²","Rua Ituxi, 104 - Saúde, São Paulo - SP",66,2 Quartos,2 Banheiros,1 Vaga,"Piscina
Churrasqueira
Elevador
Condomínio fechado
Varanda
...",R$ 665.000,R$ 700,Saúde,2023-07-09 18:45
2642602791,https://www.vivareal.com.br/imovel/apartamento-2-quartos-saude-zona-sul-sao-paulo-com-garagem-50m2-venda-RS375000-id-2642602791/,"Apartamento com 2 Quartos à Venda, 50m²","Avenida Fagundes Filho - Saúde, São Paulo - SP",50,2 Quartos,1 Banheiro,1 Vaga,,R$ 375.000,R$ 705,Saúde,2023-07-09 18:45
2601846777,https://www.vivareal.com.br/imovel/apartamento-2-quartos-saude-zona-sul-sao-paulo-com-garagem-67m2-venda-RS636500-id-2601846777/,"Apartamento com 2 Quartos à Venda, 67m²","Avenida Afonso Mariano Fagundes - Saúde, São Paulo - SP",67,2 Quartos,2 Banheiros,1 Vaga,"Churrasqueira
Elevador
Condomínio fechado
Academia
Aceita animais
...",R$ 636.500,R$ 530,Saúde,2023-07-09 18:45
2643047911,https://www.vivareal.com.br/imovel/apartamento-2-quartos-saude-zona-sul-sao-paulo-com-garagem-65m2-venda-RS480000-id-2643047911/,"Apartamento com 2 Quartos à Venda, 65m²","Rua Lomas Valentinas, 301 - Saúde, São Paulo - SP",65,2 Quartos,2 Banheiros,2 Vagas,"Piscina
Churrasqueira
Academia
Playground
Salão de festas
...",R$ 480.000,R$ 1.000,Saúde,2023-07-09 18:45
2606682704,https://www.vivareal.com.br/imovel/apartamento-3-quartos-saude-zona-sul-sao-paulo-com-garagem-94m2-venda-RS880000-id-2606682704/,"Apartamento com 3 Quartos à Venda, 94m²","Avenida do Cursino - Saúde, São Paulo - SP",94,3 Quartos,3 Banheiros,3 Vagas,"Piscina
Churrasqueira
Elevador
Condomínio fechado
Academia
...",R$ 880.000,R$ 1.165,Saúde,2023-07-09 18:45
2642891402,https://www.vivareal.com.br/imovel/apartamento-2-quartos-saude-zona-sul-sao-paulo-com-garagem-65m2-venda-RS949500-id-2642891402/,"Apartamento com 2 Quartos à Venda, 65m²","Rua Itapiru, 405 - Saúde, São Paulo - SP",65,2 Quartos,2 Banheiros,2 Vagas,"Piscina
Churrasqueira
Elevador
Varanda
Academia
...",R$ 949.500,R$ 730,Saúde,2023-07-09 18:45
2629231432,https://www.vivareal.com.br/imovel/apartamento-1-quartos-saude-zona-sul-sao-paulo-com-garagem-50m2-venda-RS390000-id-2629231432/,"Apartamento com Quarto à Venda, 50m²","Rua Abagiba - Saúde, São Paulo - SP",50,1 Quarto,1 Banheiro,1 Vaga,"Academia
Espaço gourmet
Piscina
Salão de festas",R$ 390.000,R$ 690,Saúde,2023-07-09 18:45
2640580982,https://www.vivareal.com.br/imovel/apartamento-2-quartos-saude-zona-sul-sao-paulo-com-garagem-64m2-venda-RS579000-id-2640580982/,"Apartamento com 2 Quartos à Venda, 64m²","Rua Doutor Nogueira Martins - Saúde, São Paulo - SP",64,2 Quartos,2 Banheiros,1 Vaga,Aceita animais,R$ 579.000,R$ 950,Saúde,2023-07-09 18:45
2642077299,https://www.vivareal.com.br/imovel/apartamento-2-quartos-saude-zona-sul-sao-paulo-com-garagem-61m2-venda-RS601000-id-2642077299/,"Apartamento com 2 Quartos à Venda, 61m²","Rua Itapiru, 224 - Saúde, São Paulo - SP",61,2 Quartos,2 Banheiros,1 Vaga,"Churrasqueira
Elevador
Condomínio fechado
Varanda
Playground
...",R$ 601.000,R$ 932,Saúde,2023-07-09 18:45
2641063841,https://www.vivareal.com.br/imovel/apartamento-3-quartos-saude-zona-sul-sao-paulo-com-garagem-98m2-venda-RS1490000-id-2641063841/,"Apartamento com 3 Quartos à Venda, 98m²","Avenida Onze de Junho, 1266 - Saúde, São Paulo - SP",98,3 Quartos,2 Banheiros,2 Vagas,"Piscina
Varanda",R$ 1.490.000,R$ 1.400,Saúde,2023-07-09 18:45
2642801273,https://www.vivareal.com.br/imovel/apartamento-3-quartos-saude-zona-sul-sao-paulo-com-garagem-114m2-venda-RS1050000-id-2642801273/,"Apartamento com 3 Quartos à Venda, 114m²","Rua General Chagas Santos - Saúde, São Paulo - SP",114,3 Quartos,2 Banheiros,2 Vagas,"Piscina
Mobiliado
Churrasqueira
Academia
Aceita animais
...",R$ 1.050.000,R$ 1.100,Saúde,2023-07-09 18:45
2642669725,https://www.vivareal.com.br/imovel/apartamento-2-quartos-saude-zona-sul-sao-paulo-com-garagem-60m2-venda-RS619000-id-2642669725/,"Apartamento com 2 Quartos à Venda, 60m²","Rua General Chagas Santos, 727 - Saúde, São Paulo - SP",60,2 Quartos,2 Banheiros,1 Vaga,"Piscina
Churrasqueira
Elevador
Área de serviço
Varanda gourmet
...",R$ 619.000,R$ 700,Saúde,2023-07-09 18:45
2568661764,https://www.vivareal.com.br/imovel/apartamento-1-quartos-saude-zona-sul-sao-paulo-com-garagem-50m2-venda-RS390000-id-2568661764/,"Apartamento com Quarto à Venda, 50m²","Rua Abagiba, 940 - Saúde, São Paulo - SP",50,1 Quarto,1 Banheiro,1 Vaga,"Piscina
Churrasqueira
Elevador
Varanda
Aceita animais
...",R$ 390.000,R$ 690,Saúde,2023-07-09 18:45
2516811195,https://www.vivareal.com.br/imovel/apartamento-3-quartos-saude-zona-sul-sao-paulo-com-garagem-78m2-venda-RS880000-id-2516811195/,"Apartamento com 3 Quartos à Venda, 78m²","Rua Itapiru, 380 - Saúde, São Paulo - SP",78,3 Quartos,2 Banheiros,2 Vagas,"Piscina
Elevador
Academia
Aceita animais
Jardim
...",R$ 880.000,R$ 845,Saúde,2023-07-09 18:45
